scene_id,episode_id,season,episode_num,character,mention_count
S01E01_SC001,S01E01,1,1,Harvey Specter,24
S01E01_SC001,S01E01,1,1,Jessica Pearson,10
S01E01_SC001,S01E01,1,1,Trevor Evans,11
S01E01_SC001,S01E01,1,1,Mike Ross,12
S01E01_SC001,S01E01,1,1,Louis Litt,12
S01E01_SC001,S01E01,1,1,Donna Paulsen,7
S01E01_SC001,S01E01,1,1,Rachel Zane,3
S01E01_SC001,S01E01,1,1,Thomas Kessler,1
S01E01_SC001,S01E01,1,1,Daniel Hardman,1
S01E02_SC001,S01E02,1,2,Harvey Specter,28
S01E02_SC001,S01E02,1,2,Mike Ross,17
S01E02_SC001,S01E02,1,2,Louis Litt,21
S01E02_SC001,S01E02,1,2,Donna Paulsen,4
S01E02_SC001,S01E02,1,2,Jessica Pearson,4
S01E02_SC001,S01E02,1,2,Daniel Hardman,1
S01E03_SC001,S01E03,1,3,Harvey Specter,15
S01E03_SC001,S01E03,1,3,Mike Ross,8
S01E03_SC001,S01E03,1,3,Robert Zane,7
S01E03_SC001,S01E03,1,3,Louis Litt,14
S01E03_SC001,S01E03,1,3,Daniel Hardman,1
S01E03_SC001,S01E03,1,3,Trevor Evans,10
S01E03_SC001,S01E03,1,3,Jenny Griffith,4
S01E04_SC001,S01E04,1,4,Louis Litt,5
S01E04_SC001,S01E04,1,4,Harvey Specter,12
S01E04_SC001,S01E04,1,4,Jessica Pearson,6
S01E04_SC001,S01E04,1,4,Donna Paulsen,2
S01E04_SC001,S01E04,1,4,Mike Ross,3
S01E04_SC001,S01E04,1,4,Rachel Zane,1
S01E05_SC001,S01E05,1,5,Louis Litt,6
S01E05_SC001,S01E05,1,5,Trevor Evans,20
S01E05_SC001,S01E05,1,5,Jenny Griffith,1
S01E05_SC001,S01E05,1,5,Harvey Specter,20
S01E05_SC001,S01E05,1,5,Mike Ross,5
S01E05_SC001,S01E05,1,5,Donna Paulsen,10
S01E05_SC001,S01E05,1,5,Norma,2
S01E05_SC001,S01E05,1,5,Jessica Pearson,1
S01E06_SC001,S01E06,1,6,Harvey Specter,20
S01E06_SC001,S01E06,1,6,Rachel Zane,9
S01E06_SC001,S01E06,1,6,Daniel Hardman,2
S01E06_SC001,S01E06,1,6,Donna Paulsen,2
S01E06_SC001,S01E06,1,6,Mike Ross,7
S01E06_SC001,S01E06,1,6,Harold Gunderson,1
S01E06_SC001,S01E06,1,6,Louis Litt,9
S01E06_SC001,S01E06,1,6,Jessica Pearson,2
S01E06_SC001,S01E06,1,6,Norma,1
S01E06_SC001,S01E06,1,6,Sean Cahill,1
S01E07_SC001,S01E07,1,7,Harvey Specter,21
S01E07_SC001,S01E07,1,7,Donna Paulsen,2
S01E07_SC001,S01E07,1,7,Louis Litt,2
S01E07_SC001,S01E07,1,7,Jessica Pearson,1
S01E07_SC001,S01E07,1,7,Kyle Durant,8
S01E07_SC001,S01E07,1,7,Mike Ross,7
S01E07_SC001,S01E07,1,7,Dana Scott,9
S01E07_SC001,S01E07,1,7,Rachel Zane,2
S01E07_SC001,S01E07,1,7,Jenny Griffith,3
S01E07_SC001,S01E07,1,7,Daniel Hardman,1
S01E08_SC001,S01E08,1,8,Harvey Specter,23
S01E08_SC001,S01E08,1,8,Louis Litt,26
S01E08_SC001,S01E08,1,8,Mike Ross,6
S01E08_SC001,S01E08,1,8,Donna Paulsen,3
S01E08_SC001,S01E08,1,8,Norma,3
S01E08_SC001,S01E08,1,8,Robert Zane,5
S01E08_SC001,S01E08,1,8,Daniel Hardman,2
S01E08_SC001,S01E08,1,8,Rachel Zane,1
S01E08_SC001,S01E08,1,8,Jessica Pearson,5
S01E09_SC001,S01E09,1,9,Mike Ross,31
S01E09_SC001,S01E09,1,9,Harvey Specter,15
S01E09_SC001,S01E09,1,9,Donna Paulsen,5
S01E09_SC001,S01E09,1,9,Daniel Hardman,9
S01E09_SC001,S01E09,1,9,Jessica Pearson,5
S01E09_SC001,S01E09,1,9,Louis Litt,28
S01E09_SC001,S01E09,1,9,Harold Gunderson,5
S01E09_SC001,S01E09,1,9,Rachel Zane,15
S01E09_SC001,S01E09,1,9,Benjamin,5
S01E10_SC001,S01E10,1,10,Louis Litt,6
S01E10_SC001,S01E10,1,10,Jessica Pearson,5
S01E10_SC001,S01E10,1,10,Mike Ross,14
S01E10_SC001,S01E10,1,10,Daniel Hardman,4
S01E10_SC001,S01E10,1,10,Jenny Griffith,5
S01E10_SC001,S01E10,1,10,Rachel Zane,6
S01E10_SC001,S01E10,1,10,Harvey Specter,16
S01E10_SC001,S01E10,1,10,Paula Agard,4
S01E10_SC001,S01E10,1,10,Brian Altman,2
S01E11_SC001,S01E11,1,11,Louis Litt,26
S01E11_SC001,S01E11,1,11,Rachel Zane,7
S01E11_SC001,S01E11,1,11,Jenny Griffith,7
S01E11_SC001,S01E11,1,11,Mike Ross,7
S01E11_SC001,S01E11,1,11,Harvey Specter,38
S01E11_SC001,S01E11,1,11,Jessica Pearson,9
S01E11_SC001,S01E11,1,11,Daniel Hardman,1
S01E11_SC001,S01E11,1,11,Donna Paulsen,4
S01E11_SC001,S01E11,1,11,Kyle Durant,4
S01E11_SC001,S01E11,1,11,Trevor Evans,2
S01E12_SC001,S01E12,1,12,Jenny Griffith,4
S01E12_SC001,S01E12,1,12,Harvey Specter,27
S01E12_SC001,S01E12,1,12,Trevor Evans,6
S01E12_SC001,S01E12,1,12,Jessica Pearson,2
S01E12_SC001,S01E12,1,12,Louis Litt,9
S01E12_SC001,S01E12,1,12,Rachel Zane,3
S01E12_SC001,S01E12,1,12,Mike Ross,5
S01E12_SC001,S01E12,1,12,Donna Paulsen,4
S01E12_SC001,S01E12,1,12,Norma,1
S02E01_SC001,S02E01,2,1,Jessica Pearson,11
S02E01_SC001,S02E01,2,1,Harvey Specter,19
S02E01_SC001,S02E01,2,1,Mike Ross,13
S02E01_SC001,S02E01,2,1,Donna Paulsen,2
S02E01_SC001,S02E01,2,1,Jenny Griffith,5
S02E01_SC001,S02E01,2,1,Rachel Zane,6
S02E01_SC001,S02E01,2,1,Trevor Evans,3
S02E01_SC001,S02E01,2,1,Daniel Hardman,11
S02E01_SC001,S02E01,2,1,Louis Litt,3
S02E01_SC001,S02E01,2,1,Robert Zane,1
S02E02_SC001,S02E02,2,2,Mike Ross,8
S02E02_SC001,S02E02,2,2,Rachel Zane,8
S02E02_SC001,S02E02,2,2,Jenny Griffith,1
S02E02_SC001,S02E02,2,2,Jessica Pearson,20
S02E02_SC001,S02E02,2,2,Daniel Hardman,19
S02E02_SC001,S02E02,2,2,Louis Litt,8
S02E02_SC001,S02E02,2,2,Harvey Specter,24
S02E02_SC001,S02E02,2,2,Norma,2
S02E02_SC001,S02E02,2,2,Donna Paulsen,2
S02E03_SC001,S02E03,2,3,Daniel Hardman,12
S02E03_SC001,S02E03,2,3,Jessica Pearson,8
S02E03_SC001,S02E03,2,3,Harvey Specter,15
S02E03_SC001,S02E03,2,3,Rachel Zane,7
S02E03_SC001,S02E03,2,3,Mike Ross,6
S02E03_SC001,S02E03,2,3,Harold Gunderson,3
S02E03_SC001,S02E03,2,3,Louis Litt,4
S02E03_SC001,S02E03,2,3,Sheila Sazs,3
S02E03_SC001,S02E03,2,3,Norma,1
S02E03_SC001,S02E03,2,3,Donna Paulsen,2
S02E04_SC001,S02E04,2,4,Thomas Kessler,1
S02E04_SC001,S02E04,2,4,Louis Litt,20
S02E04_SC001,S02E04,2,4,Mike Ross,10
S02E04_SC001,S02E04,2,4,Harvey Specter,32
S02E04_SC001,S02E04,2,4,Donna Paulsen,7
S02E04_SC001,S02E04,2,4,Harold Gunderson,3
S02E04_SC001,S02E04,2,4,Jessica Pearson,3
S02E04_SC001,S02E04,2,4,Daniel Hardman,7
S02E04_SC001,S02E04,2,4,Jenny Griffith,1
S02E05_SC001,S02E05,2,5,Donna Paulsen,18
S02E05_SC001,S02E05,2,5,Harvey Specter,45
S02E05_SC001,S02E05,2,5,Jessica Pearson,6
S02E05_SC001,S02E05,2,5,Harold Gunderson,1
S02E05_SC001,S02E05,2,5,Louis Litt,6
S02E05_SC001,S02E05,2,5,Norma,1
S02E05_SC001,S02E05,2,5,Rachel Zane,1
S02E05_SC001,S02E05,2,5,Mike Ross,2
S02E05_SC001,S02E05,2,5,Daniel Hardman,2
S02E06_SC001,S02E06,2,6,Daniel Hardman,7
S02E06_SC001,S02E06,2,6,Jessica Pearson,5
S02E06_SC001,S02E06,2,6,Louis Litt,14
S02E06_SC001,S02E06,2,6,Donna Paulsen,6
S02E06_SC001,S02E06,2,6,Harvey Specter,12
S02E06_SC001,S02E06,2,6,Rachel Zane,3
S02E06_SC001,S02E06,2,6,Harold Gunderson,5
S02E06_SC001,S02E06,2,6,Mike Ross,5
S02E06_SC001,S02E06,2,6,Zoe Lawford,1
S02E06_SC001,S02E06,2,6,Thomas Kessler,1
S02E07_SC001,S02E07,2,7,Harvey Specter,60
S02E07_SC001,S02E07,2,7,Louis Litt,14
S02E07_SC001,S02E07,2,7,Jessica Pearson,12
S02E07_SC001,S02E07,2,7,Donna Paulsen,16
S02E07_SC001,S02E07,2,7,Daniel Hardman,11
S02E07_SC001,S02E07,2,7,Mike Ross,5
S02E07_SC001,S02E07,2,7,Zoe Lawford,2
S02E07_SC001,S02E07,2,7,Rachel Zane,2
S02E08_SC001,S02E08,2,8,Jessica Pearson,20
S02E08_SC001,S02E08,2,8,Harvey Specter,15
S02E08_SC001,S02E08,2,8,Daniel Hardman,10
S02E08_SC001,S02E08,2,8,Louis Litt,16
S02E08_SC001,S02E08,2,8,Norma,3
S02E08_SC001,S02E08,2,8,Trevor Evans,3
S02E08_SC001,S02E08,2,8,Mike Ross,7
S02E08_SC001,S02E08,2,8,Donna Paulsen,5
S02E08_SC001,S02E08,2,8,Zoe Lawford,4
S02E08_SC001,S02E08,2,8,Jenny Griffith,4
S02E08_SC001,S02E08,2,8,Rachel Zane,3
S02E08_SC001,S02E08,2,8,Dana Scott,1
S02E08_SC001,S02E08,2,8,Robert Zane,1
S02E09_SC001,S02E09,2,9,Donna Paulsen,7
S02E09_SC001,S02E09,2,9,Harvey Specter,21
S02E09_SC001,S02E09,2,9,Louis Litt,25
S02E09_SC001,S02E09,2,9,Jessica Pearson,12
S02E09_SC001,S02E09,2,9,Harold Gunderson,2
S02E09_SC001,S02E09,2,9,Norma,1
S02E09_SC001,S02E09,2,9,Daniel Hardman,11
S02E09_SC001,S02E09,2,9,Rachel Zane,8
S02E09_SC001,S02E09,2,9,Mike Ross,4
S02E09_SC001,S02E09,2,9,Esther Litt,1
S02E10_SC001,S02E10,2,10,Daniel Hardman,23
S02E10_SC001,S02E10,2,10,Jessica Pearson,8
S02E10_SC001,S02E10,2,10,Rachel Zane,10
S02E10_SC001,S02E10,2,10,Harvey Specter,31
S02E10_SC001,S02E10,2,10,Mike Ross,13
S02E10_SC001,S02E10,2,10,Donna Paulsen,8
S02E10_SC001,S02E10,2,10,Louis Litt,14
S02E11_SC001,S02E11,2,11,Daniel Hardman,9
S02E11_SC001,S02E11,2,11,Jessica Pearson,4
S02E11_SC001,S02E11,2,11,Zoe Lawford,4
S02E11_SC001,S02E11,2,11,Harvey Specter,27
S02E11_SC001,S02E11,2,11,Sheila Sazs,3
S02E11_SC001,S02E11,2,11,Louis Litt,8
S02E11_SC001,S02E11,2,11,Rachel Zane,4
S02E11_SC001,S02E11,2,11,Mike Ross,14
S02E11_SC001,S02E11,2,11,Katrina Bennett,6
S02E11_SC001,S02E11,2,11,Donna Paulsen,3
S02E11_SC001,S02E11,2,11,Jack Soloff,1
S02E12_SC001,S02E12,2,12,Daniel Hardman,22
S02E12_SC001,S02E12,2,12,Louis Litt,25
S02E12_SC001,S02E12,2,12,Harvey Specter,40
S02E12_SC001,S02E12,2,12,Zoe Lawford,3
S02E12_SC001,S02E12,2,12,Mike Ross,14
S02E12_SC001,S02E12,2,12,Donna Paulsen,5
S02E12_SC001,S02E12,2,12,Rachel Zane,3
S02E12_SC001,S02E12,2,12,Jessica Pearson,7
S02E12_SC001,S02E12,2,12,Harold Gunderson,12
S02E12_SC001,S02E12,2,12,Thomas Kessler,1
S02E13_SC001,S02E13,2,13,Daniel Hardman,6
S02E13_SC001,S02E13,2,13,Katrina Bennett,11
S02E13_SC001,S02E13,2,13,Harvey Specter,17
S02E13_SC001,S02E13,2,13,Louis Litt,8
S02E13_SC001,S02E13,2,13,Rachel Zane,8
S02E13_SC001,S02E13,2,13,Robert Zane,9
S02E13_SC001,S02E13,2,13,Donna Paulsen,9
S02E13_SC001,S02E13,2,13,Mike Ross,3
S02E13_SC001,S02E13,2,13,Jessica Pearson,2
S02E13_SC001,S02E13,2,13,Benjamin,2
S02E13_SC001,S02E13,2,13,Anita Gibbs,1
S02E13_SC001,S02E13,2,13,Norma,1
S02E14_SC001,S02E14,2,14,Louis Litt,10
S02E14_SC001,S02E14,2,14,Daniel Hardman,17
S02E14_SC001,S02E14,2,14,Mike Ross,8
S02E14_SC001,S02E14,2,14,Jessica Pearson,24
S02E14_SC001,S02E14,2,14,Harvey Specter,17
S02E14_SC001,S02E14,2,14,Rachel Zane,3
S02E14_SC001,S02E14,2,14,Donna Paulsen,6
S02E14_SC001,S02E14,2,14,Robert Zane,2
S02E15_SC001,S02E15,2,15,Katrina Bennett,9
S02E15_SC001,S02E15,2,15,Daniel Hardman,13
S02E15_SC001,S02E15,2,15,Sheila Sazs,4
S02E15_SC001,S02E15,2,15,Dana Scott,7
S02E15_SC001,S02E15,2,15,Harvey Specter,25
S02E15_SC001,S02E15,2,15,Mike Ross,6
S02E15_SC001,S02E15,2,15,Rachel Zane,11
S02E15_SC001,S02E15,2,15,Jessica Pearson,16
S02E15_SC001,S02E15,2,15,Donna Paulsen,1
S02E15_SC001,S02E15,2,15,Louis Litt,5
S02E15_SC001,S02E15,2,15,Harold Gunderson,1
S02E15_SC001,S02E15,2,15,Norma,1
S02E16_SC001,S02E16,2,16,Louis Litt,12
S02E16_SC001,S02E16,2,16,Harvey Specter,33
S02E16_SC001,S02E16,2,16,Jessica Pearson,9
S02E16_SC001,S02E16,2,16,Daniel Hardman,4
S02E16_SC001,S02E16,2,16,Robert Zane,1
S02E16_SC001,S02E16,2,16,Dana Scott,10
S02E16_SC001,S02E16,2,16,Rachel Zane,7
S02E16_SC001,S02E16,2,16,Donna Paulsen,4
S02E16_SC001,S02E16,2,16,Harold Gunderson,1
S02E16_SC001,S02E16,2,16,Mike Ross,7
S02E16_SC001,S02E16,2,16,Sheila Sazs,4
S02E16_SC001,S02E16,2,16,Zoe Lawford,2
S02E16_SC001,S02E16,2,16,Trevor Evans,1
S03E01_SC001,S03E01,3,1,Harvey Specter,35
S03E01_SC001,S03E01,3,1,Jessica Pearson,15
S03E01_SC001,S03E01,3,1,Dana Scott,5
S03E01_SC001,S03E01,3,1,Mike Ross,7
S03E01_SC001,S03E01,3,1,Donna Paulsen,6
S03E01_SC001,S03E01,3,1,Rachel Zane,3
S03E01_SC001,S03E01,3,1,Daniel Hardman,2
S03E01_SC001,S03E01,3,1,Louis Litt,6
S03E01_SC001,S03E01,3,1,Benjamin,3
S03E01_SC001,S03E01,3,1,Norma,2
S03E02_SC001,S03E02,3,2,Jessica Pearson,15
S03E02_SC001,S03E02,3,2,Harvey Specter,44
S03E02_SC001,S03E02,3,2,Donna Paulsen,9
S03E02_SC001,S03E02,3,2,Louis Litt,28
S03E02_SC001,S03E02,3,2,Mike Ross,26
S03E02_SC001,S03E02,3,2,Esther Litt,1
S03E02_SC001,S03E02,3,2,Jack Soloff,1
S03E02_SC001,S03E02,3,2,Rachel Zane,5
S03E02_SC001,S03E02,3,2,Katrina Bennett,1
S03E03_SC001,S03E03,3,3,Katrina Bennett,8
S03E03_SC001,S03E03,3,3,Louis Litt,8
S03E03_SC001,S03E03,3,3,Jessica Pearson,5
S03E03_SC001,S03E03,3,3,Rachel Zane,5
S03E03_SC001,S03E03,3,3,Mike Ross,11
S03E03_SC001,S03E03,3,3,Harvey Specter,43
S03E03_SC001,S03E03,3,3,Norma,1
S03E03_SC001,S03E03,3,3,Donna Paulsen,6
S03E03_SC001,S03E03,3,3,Harold Gunderson,2
S03E04_SC001,S03E04,3,4,Louis Litt,27
S03E04_SC001,S03E04,3,4,Mike Ross,7
S03E04_SC001,S03E04,3,4,Jessica Pearson,7
S03E04_SC001,S03E04,3,4,Harvey Specter,27
S03E04_SC001,S03E04,3,4,Katrina Bennett,5
S03E04_SC001,S03E04,3,4,Rachel Zane,2
S03E04_SC001,S03E04,3,4,Donna Paulsen,1
S03E04_SC001,S03E04,3,4,Jenny Griffith,1
S03E05_SC001,S03E05,3,5,Harvey Specter,16
S03E05_SC001,S03E05,3,5,Donna Paulsen,11
S03E05_SC001,S03E05,3,5,Mike Ross,14
S03E05_SC001,S03E05,3,5,Louis Litt,3
S03E05_SC001,S03E05,3,5,Katrina Bennett,1
S03E05_SC001,S03E05,3,5,Jessica Pearson,3
S03E05_SC001,S03E05,3,5,Rachel Zane,5
S03E05_SC001,S03E05,3,5,Robert Zane,2
S03E05_SC001,S03E05,3,5,Daniel Hardman,1
S03E06_SC001,S03E06,3,6,Mike Ross,4
S03E06_SC001,S03E06,3,6,Donna Paulsen,9
S03E06_SC001,S03E06,3,6,Esther Litt,1
S03E06_SC001,S03E06,3,6,Harvey Specter,23
S03E06_SC001,S03E06,3,6,Rachel Zane,2
S03E06_SC001,S03E06,3,6,Jessica Pearson,3
S03E06_SC001,S03E06,3,6,Daniel Hardman,1
S03E06_SC001,S03E06,3,6,Trevor Evans,5
S03E06_SC001,S03E06,3,6,Louis Litt,1
S03E07_SC001,S03E07,3,7,Donna Paulsen,9
S03E07_SC001,S03E07,3,7,Harvey Specter,23
S03E07_SC001,S03E07,3,7,Jessica Pearson,10
S03E07_SC001,S03E07,3,7,Norma,3
S03E07_SC001,S03E07,3,7,Louis Litt,21
S03E07_SC001,S03E07,3,7,Rachel Zane,12
S03E07_SC001,S03E07,3,7,Katrina Bennett,1
S03E07_SC001,S03E07,3,7,Mike Ross,4
S03E07_SC001,S03E07,3,7,Daniel Hardman,1
S03E07_SC001,S03E07,3,7,Harold Gunderson,7
S03E08_SC001,S03E08,3,8,Harvey Specter,20
S03E08_SC001,S03E08,3,8,Donna Paulsen,5
S03E08_SC001,S03E08,3,8,Louis Litt,11
S03E08_SC001,S03E08,3,8,Harold Gunderson,11
S03E08_SC001,S03E08,3,8,Rachel Zane,4
S03E08_SC001,S03E08,3,8,Jessica Pearson,3
S03E08_SC001,S03E08,3,8,Mike Ross,1
S03E08_SC001,S03E08,3,8,Norma,1
S03E09_SC001,S03E09,3,9,Harvey Specter,30
S03E09_SC001,S03E09,3,9,Jessica Pearson,13
S03E09_SC001,S03E09,3,9,Donna Paulsen,4
S03E09_SC001,S03E09,3,9,Louis Litt,23
S03E09_SC001,S03E09,3,9,Dana Scott,10
S03E09_SC001,S03E09,3,9,Mike Ross,4
S03E09_SC001,S03E09,3,9,Daniel Hardman,2
S03E09_SC001,S03E09,3,9,Robert Zane,4
S03E09_SC001,S03E09,3,9,Rachel Zane,7
S03E09_SC001,S03E09,3,9,Katrina Bennett,2
S03E10_SC001,S03E10,3,10,Rachel Zane,7
S03E10_SC001,S03E10,3,10,Harvey Specter,40
S03E10_SC001,S03E10,3,10,Jessica Pearson,10
S03E10_SC001,S03E10,3,10,Dana Scott,16
S03E10_SC001,S03E10,3,10,Mike Ross,16
S03E10_SC001,S03E10,3,10,Brian Altman,5
S03E10_SC001,S03E10,3,10,Louis Litt,6
S03E10_SC001,S03E10,3,10,Sheila Sazs,8
S03E10_SC001,S03E10,3,10,Robert Zane,4
S03E10_SC001,S03E10,3,10,Katrina Bennett,1
S03E10_SC001,S03E10,3,10,Donna Paulsen,4
S03E11_SC001,S03E11,3,11,Dana Scott,11
S03E11_SC001,S03E11,3,11,Mike Ross,20
S03E11_SC001,S03E11,3,11,Rachel Zane,4
S03E11_SC001,S03E11,3,11,Harvey Specter,29
S03E11_SC001,S03E11,3,11,Sheila Sazs,11
S03E11_SC001,S03E11,3,11,Esther Litt,1
S03E11_SC001,S03E11,3,11,Norma,1
S03E11_SC001,S03E11,3,11,Jessica Pearson,9
S03E11_SC001,S03E11,3,11,Donna Paulsen,5
S03E11_SC001,S03E11,3,11,Louis Litt,7
S03E11_SC001,S03E11,3,11,Benjamin,1
S03E12_SC001,S03E12,3,12,Dana Scott,4
S03E12_SC001,S03E12,3,12,Mike Ross,18
S03E12_SC001,S03E12,3,12,Louis Litt,24
S03E12_SC001,S03E12,3,12,Harvey Specter,18
S03E12_SC001,S03E12,3,12,Donna Paulsen,3
S03E12_SC001,S03E12,3,12,Jessica Pearson,8
S03E12_SC001,S03E12,3,12,Rachel Zane,4
S03E12_SC001,S03E12,3,12,Trevor Evans,1
S03E12_SC001,S03E12,3,12,Daniel Hardman,4
S03E12_SC001,S03E12,3,12,Jenny Griffith,1
S03E13_SC001,S03E13,3,13,Dana Scott,15
S03E13_SC001,S03E13,3,13,Mike Ross,5
S03E13_SC001,S03E13,3,13,Louis Litt,32
S03E13_SC001,S03E13,3,13,Harvey Specter,37
S03E13_SC001,S03E13,3,13,Donna Paulsen,5
S03E13_SC001,S03E13,3,13,Rachel Zane,1
S03E13_SC001,S03E13,3,13,Jessica Pearson,7
S03E13_SC001,S03E13,3,13,Benjamin,3
S03E14_SC001,S03E14,3,14,Daniel Hardman,2
S03E14_SC001,S03E14,3,14,Dana Scott,4
S03E14_SC001,S03E14,3,14,Louis Litt,43
S03E14_SC001,S03E14,3,14,Sheila Sazs,12
S03E14_SC001,S03E14,3,14,Rachel Zane,12
S03E14_SC001,S03E14,3,14,Norma,2
S03E14_SC001,S03E14,3,14,Donna Paulsen,7
S03E14_SC001,S03E14,3,14,Harvey Specter,16
S03E14_SC001,S03E14,3,14,Mike Ross,8
S03E14_SC001,S03E14,3,14,Jessica Pearson,9
S03E15_SC001,S03E15,3,15,Sheila Sazs,4
S03E15_SC001,S03E15,3,15,Harvey Specter,13
S03E15_SC001,S03E15,3,15,Louis Litt,27
S03E15_SC001,S03E15,3,15,Dana Scott,8
S03E15_SC001,S03E15,3,15,Katrina Bennett,8
S03E15_SC001,S03E15,3,15,Mike Ross,15
S03E15_SC001,S03E15,3,15,Jessica Pearson,9
S03E15_SC001,S03E15,3,15,Donna Paulsen,6
S03E15_SC001,S03E15,3,15,Rachel Zane,3
S03E15_SC001,S03E15,3,15,Harold Gunderson,2
S03E15_SC001,S03E15,3,15,Daniel Hardman,1
S03E16_SC001,S03E16,3,16,Harvey Specter,48
S03E16_SC001,S03E16,3,16,Harold Gunderson,39
S03E16_SC001,S03E16,3,16,Mike Ross,36
S03E16_SC001,S03E16,3,16,Dana Scott,16
S03E16_SC001,S03E16,3,16,Donna Paulsen,10
S03E16_SC001,S03E16,3,16,Rachel Zane,8
S03E16_SC001,S03E16,3,16,Jessica Pearson,6
S03E16_SC001,S03E16,3,16,Louis Litt,16
S03E16_SC001,S03E16,3,16,Daniel Hardman,3
S04E01_SC001,S04E01,4,1,Harvey Specter,34
S04E01_SC001,S04E01,4,1,Mike Ross,29
S04E01_SC001,S04E01,4,1,Donna Paulsen,9
S04E01_SC001,S04E01,4,1,Rachel Zane,7
S04E01_SC001,S04E01,4,1,Jessica Pearson,8
S04E01_SC001,S04E01,4,1,Louis Litt,9
S04E01_SC001,S04E01,4,1,Katrina Bennett,2
S04E01_SC001,S04E01,4,1,Daniel Hardman,1
S04E02_SC001,S04E02,4,2,Mike Ross,11
S04E02_SC001,S04E02,4,2,Jessica Pearson,13
S04E02_SC001,S04E02,4,2,Louis Litt,28
S04E02_SC001,S04E02,4,2,Harvey Specter,25
S04E02_SC001,S04E02,4,2,Rachel Zane,11
S04E02_SC001,S04E02,4,2,Donna Paulsen,8
S04E03_SC001,S04E03,4,3,Harvey Specter,12
S04E03_SC001,S04E03,4,3,Donna Paulsen,7
S04E03_SC001,S04E03,4,3,Mike Ross,23
S04E03_SC001,S04E03,4,3,Louis Litt,22
S04E03_SC001,S04E03,4,3,Jessica Pearson,14
S04E03_SC001,S04E03,4,3,Rachel Zane,4
S04E03_SC001,S04E03,4,3,Daniel Hardman,1
S04E04_SC001,S04E04,4,4,Mike Ross,23
S04E04_SC001,S04E04,4,4,Harvey Specter,33
S04E04_SC001,S04E04,4,4,Donna Paulsen,4
S04E04_SC001,S04E04,4,4,Brian Altman,3
S04E04_SC001,S04E04,4,4,Sean Cahill,6
S04E04_SC001,S04E04,4,4,Rachel Zane,6
S04E04_SC001,S04E04,4,4,Louis Litt,23
S04E04_SC001,S04E04,4,4,Jessica Pearson,4
S04E04_SC001,S04E04,4,4,Sheila Sazs,11
S04E04_SC001,S04E04,4,4,Charles Forstman,5
S04E05_SC001,S04E05,4,5,Sean Cahill,8
S04E05_SC001,S04E05,4,5,Charles Forstman,7
S04E05_SC001,S04E05,4,5,Harvey Specter,27
S04E05_SC001,S04E05,4,5,Rachel Zane,14
S04E05_SC001,S04E05,4,5,Mike Ross,25
S04E05_SC001,S04E05,4,5,Jessica Pearson,9
S04E05_SC001,S04E05,4,5,Louis Litt,16
S04E05_SC001,S04E05,4,5,Donna Paulsen,10
S04E05_SC001,S04E05,4,5,Sheila Sazs,1
S04E05_SC001,S04E05,4,5,Esther Litt,1
S04E06_SC001,S04E06,4,6,Sean Cahill,5
S04E06_SC001,S04E06,4,6,Charles Forstman,18
S04E06_SC001,S04E06,4,6,Rachel Zane,15
S04E06_SC001,S04E06,4,6,Donna Paulsen,9
S04E06_SC001,S04E06,4,6,Louis Litt,15
S04E06_SC001,S04E06,4,6,Harvey Specter,42
S04E06_SC001,S04E06,4,6,Mike Ross,32
S04E06_SC001,S04E06,4,6,Sheila Sazs,1
S04E06_SC001,S04E06,4,6,Jessica Pearson,13
S04E07_SC001,S04E07,4,7,Charles Forstman,11
S04E07_SC001,S04E07,4,7,Louis Litt,26
S04E07_SC001,S04E07,4,7,Harvey Specter,22
S04E07_SC001,S04E07,4,7,Rachel Zane,20
S04E07_SC001,S04E07,4,7,Mike Ross,40
S04E07_SC001,S04E07,4,7,Jessica Pearson,14
S04E07_SC001,S04E07,4,7,Donna Paulsen,4
S04E07_SC001,S04E07,4,7,Esther Litt,1
S04E07_SC001,S04E07,4,7,Sheila Sazs,6
S04E08_SC001,S04E08,4,8,Charles Forstman,15
S04E08_SC001,S04E08,4,8,Rachel Zane,10
S04E08_SC001,S04E08,4,8,Mike Ross,30
S04E08_SC001,S04E08,4,8,Harvey Specter,38
S04E08_SC001,S04E08,4,8,Louis Litt,30
S04E08_SC001,S04E08,4,8,Katrina Bennett,5
S04E08_SC001,S04E08,4,8,Sean Cahill,20
S04E08_SC001,S04E08,4,8,Norma,1
S04E08_SC001,S04E08,4,8,Donna Paulsen,4
S04E08_SC001,S04E08,4,8,Jessica Pearson,3
S04E08_SC001,S04E08,4,8,Sheila Sazs,2
S04E09_SC001,S04E09,4,9,Harvey Specter,37
S04E09_SC001,S04E09,4,9,Charles Forstman,25
S04E09_SC001,S04E09,4,9,Louis Litt,37
S04E09_SC001,S04E09,4,9,Sean Cahill,22
S04E09_SC001,S04E09,4,9,Rachel Zane,5
S04E09_SC001,S04E09,4,9,Donna Paulsen,5
S04E09_SC001,S04E09,4,9,Mike Ross,13
S04E09_SC001,S04E09,4,9,Jessica Pearson,25
S04E09_SC001,S04E09,4,9,Katrina Bennett,1
S04E09_SC001,S04E09,4,9,Daniel Hardman,2
S04E10_SC001,S04E10,4,10,Sheila Sazs,12
S04E10_SC001,S04E10,4,10,Louis Litt,61
S04E10_SC001,S04E10,4,10,Mike Ross,24
S04E10_SC001,S04E10,4,10,Charles Forstman,1
S04E10_SC001,S04E10,4,10,Harvey Specter,30
S04E10_SC001,S04E10,4,10,Jessica Pearson,26
S04E10_SC001,S04E10,4,10,Rachel Zane,2
S04E10_SC001,S04E10,4,10,Katrina Bennett,4
S04E10_SC001,S04E10,4,10,Donna Paulsen,6
S04E10_SC001,S04E10,4,10,Kyle Durant,1
S04E10_SC001,S04E10,4,10,Robert Zane,7
S04E11_SC001,S04E11,4,11,Mike Ross,17
S04E11_SC001,S04E11,4,11,Harvey Specter,22
S04E11_SC001,S04E11,4,11,Charles Forstman,2
S04E11_SC001,S04E11,4,11,Louis Litt,68
S04E11_SC001,S04E11,4,11,Robert Zane,8
S04E11_SC001,S04E11,4,11,Donna Paulsen,8
S04E11_SC001,S04E11,4,11,Sheila Sazs,1
S04E11_SC001,S04E11,4,11,Jessica Pearson,22
S04E11_SC001,S04E11,4,11,Rachel Zane,9
S04E11_SC001,S04E11,4,11,Katrina Bennett,4
S04E11_SC001,S04E11,4,11,Norma,2
S04E11_SC001,S04E11,4,11,Dana Scott,6
S04E11_SC001,S04E11,4,11,Daniel Hardman,2
S04E12_SC001,S04E12,4,12,Louis Litt,35
S04E12_SC001,S04E12,4,12,Daniel Hardman,4
S04E12_SC001,S04E12,4,12,Jessica Pearson,10
S04E12_SC001,S04E12,4,12,Harvey Specter,24
S04E12_SC001,S04E12,4,12,Mike Ross,8
S04E12_SC001,S04E12,4,12,Donna Paulsen,3
S04E12_SC001,S04E12,4,12,Rachel Zane,4
S04E12_SC001,S04E12,4,12,Katrina Bennett,1
S04E13_SC001,S04E13,4,13,Harvey Specter,24
S04E13_SC001,S04E13,4,13,Trevor Evans,8
S04E13_SC001,S04E13,4,13,Katrina Bennett,1
S04E13_SC001,S04E13,4,13,Louis Litt,36
S04E13_SC001,S04E13,4,13,Donna Paulsen,13
S04E13_SC001,S04E13,4,13,Mike Ross,18
S04E13_SC001,S04E13,4,13,Jessica Pearson,5
S04E13_SC001,S04E13,4,13,Daniel Hardman,10
S04E13_SC001,S04E13,4,13,Rachel Zane,1
S04E13_SC001,S04E13,4,13,Esther Litt,1
S04E13_SC001,S04E13,4,13,Robert Zane,1
S04E14_SC001,S04E14,4,14,Mike Ross,18
S04E14_SC001,S04E14,4,14,Jessica Pearson,16
S04E14_SC001,S04E14,4,14,Daniel Hardman,3
S04E14_SC001,S04E14,4,14,Louis Litt,24
S04E14_SC001,S04E14,4,14,Rachel Zane,6
S04E14_SC001,S04E14,4,14,Harvey Specter,24
S04E14_SC001,S04E14,4,14,Norma,1
S04E14_SC001,S04E14,4,14,Dana Scott,4
S04E14_SC001,S04E14,4,14,Donna Paulsen,11
S04E15_SC001,S04E15,4,15,Jessica Pearson,10
S04E15_SC001,S04E15,4,15,Louis Litt,15
S04E15_SC001,S04E15,4,15,Harvey Specter,31
S04E15_SC001,S04E15,4,15,Mike Ross,9
S04E15_SC001,S04E15,4,15,Donna Paulsen,30
S04E15_SC001,S04E15,4,15,Norma,4
S04E15_SC001,S04E15,4,15,Rachel Zane,1
S04E16_SC001,S04E16,4,16,Jessica Pearson,1
S04E16_SC001,S04E16,4,16,Charles Forstman,28
S04E16_SC001,S04E16,4,16,Donna Paulsen,15
S04E16_SC001,S04E16,4,16,Harvey Specter,35
S04E16_SC001,S04E16,4,16,Mike Ross,4
S04E16_SC001,S04E16,4,16,Sean Cahill,9
S04E16_SC001,S04E16,4,16,Louis Litt,17
S04E16_SC001,S04E16,4,16,Norma,7
S04E16_SC001,S04E16,4,16,Rachel Zane,7
S05E01_SC001,S05E01,5,1,Rachel Zane,13
S05E01_SC001,S05E01,5,1,Mike Ross,10
S05E01_SC001,S05E01,5,1,Louis Litt,29
S05E01_SC001,S05E01,5,1,Norma,5
S05E01_SC001,S05E01,5,1,Donna Paulsen,42
S05E01_SC001,S05E01,5,1,Harvey Specter,42
S05E01_SC001,S05E01,5,1,Jessica Pearson,4
S05E01_SC001,S05E01,5,1,Jack Soloff,2
S05E01_SC001,S05E01,5,1,Dana Scott,1
S05E01_SC001,S05E01,5,1,Esther Litt,1
S05E02_SC001,S05E02,5,2,Harvey Specter,35
S05E02_SC001,S05E02,5,2,Louis Litt,31
S05E02_SC001,S05E02,5,2,Donna Paulsen,20
S05E02_SC001,S05E02,5,2,Jack Soloff,12
S05E02_SC001,S05E02,5,2,Rachel Zane,16
S05E02_SC001,S05E02,5,2,Mike Ross,22
S05E02_SC001,S05E02,5,2,Harold Gunderson,5
S05E02_SC001,S05E02,5,2,Jessica Pearson,18
S05E02_SC001,S05E02,5,2,Gretchen Bodinski,1
S05E02_SC001,S05E02,5,2,Robert Zane,4
S05E03_SC001,S05E03,5,3,Harvey Specter,32
S05E03_SC001,S05E03,5,3,Louis Litt,20
S05E03_SC001,S05E03,5,3,Gretchen Bodinski,3
S05E03_SC001,S05E03,5,3,Jack Soloff,16
S05E03_SC001,S05E03,5,3,Mike Ross,9
S05E03_SC001,S05E03,5,3,Rachel Zane,2
S05E03_SC001,S05E03,5,3,Jessica Pearson,10
S05E03_SC001,S05E03,5,3,Robert Zane,9
S05E03_SC001,S05E03,5,3,Donna Paulsen,11
S05E04_SC001,S05E04,5,4,Jessica Pearson,1
S05E04_SC001,S05E04,5,4,Rachel Zane,9
S05E04_SC001,S05E04,5,4,Harvey Specter,29
S05E04_SC001,S05E04,5,4,Jack Soloff,1
S05E04_SC001,S05E04,5,4,Robert Zane,21
S05E04_SC001,S05E04,5,4,Gretchen Bodinski,1
S05E04_SC001,S05E04,5,4,Louis Litt,32
S05E04_SC001,S05E04,5,4,Mike Ross,9
S05E04_SC001,S05E04,5,4,Esther Litt,27
S05E04_SC001,S05E04,5,4,Donna Paulsen,3
S05E04_SC001,S05E04,5,4,Katrina Bennett,2
S05E05_SC001,S05E05,5,5,Harvey Specter,40
S05E05_SC001,S05E05,5,5,Donna Paulsen,16
S05E05_SC001,S05E05,5,5,Louis Litt,26
S05E05_SC001,S05E05,5,5,Esther Litt,1
S05E05_SC001,S05E05,5,5,Jessica Pearson,9
S05E05_SC001,S05E05,5,5,Jack Soloff,22
S05E05_SC001,S05E05,5,5,Rachel Zane,8
S05E05_SC001,S05E05,5,5,Gretchen Bodinski,1
S05E05_SC001,S05E05,5,5,Mike Ross,4
S05E05_SC001,S05E05,5,5,Katrina Bennett,2
S05E05_SC001,S05E05,5,5,Dana Scott,1
S05E06_SC001,S05E06,5,6,Jack Soloff,12
S05E06_SC001,S05E06,5,6,Donna Paulsen,9
S05E06_SC001,S05E06,5,6,Harvey Specter,22
S05E06_SC001,S05E06,5,6,Louis Litt,29
S05E06_SC001,S05E06,5,6,Daniel Hardman,2
S05E06_SC001,S05E06,5,6,Dana Scott,1
S05E06_SC001,S05E06,5,6,Jessica Pearson,8
S05E06_SC001,S05E06,5,6,Mike Ross,17
S05E06_SC001,S05E06,5,6,Rachel Zane,5
S05E06_SC001,S05E06,5,6,Gretchen Bodinski,2
S05E07_SC001,S05E07,5,7,Esther Litt,21
S05E07_SC001,S05E07,5,7,Jack Soloff,28
S05E07_SC001,S05E07,5,7,Daniel Hardman,5
S05E07_SC001,S05E07,5,7,Harvey Specter,34
S05E07_SC001,S05E07,5,7,Louis Litt,41
S05E07_SC001,S05E07,5,7,Mike Ross,6
S05E07_SC001,S05E07,5,7,Jessica Pearson,12
S05E07_SC001,S05E07,5,7,Donna Paulsen,16
S05E07_SC001,S05E07,5,7,Harold Gunderson,2
S05E07_SC001,S05E07,5,7,Robert Zane,1
S05E07_SC001,S05E07,5,7,Rachel Zane,2
S05E07_SC001,S05E07,5,7,Gretchen Bodinski,3
S05E08_SC001,S05E08,5,8,Jessica Pearson,18
S05E08_SC001,S05E08,5,8,Jack Soloff,3
S05E08_SC001,S05E08,5,8,Mike Ross,31
S05E08_SC001,S05E08,5,8,Esther Litt,4
S05E08_SC001,S05E08,5,8,Louis Litt,42
S05E08_SC001,S05E08,5,8,Harvey Specter,43
S05E08_SC001,S05E08,5,8,Donna Paulsen,10
S05E08_SC001,S05E08,5,8,Rachel Zane,22
S05E08_SC001,S05E08,5,8,Daniel Hardman,1
S05E09_SC001,S05E09,5,9,Harvey Specter,29
S05E09_SC001,S05E09,5,9,Daniel Hardman,24
S05E09_SC001,S05E09,5,9,Rachel Zane,17
S05E09_SC001,S05E09,5,9,Louis Litt,20
S05E09_SC001,S05E09,5,9,Gretchen Bodinski,2
S05E09_SC001,S05E09,5,9,Jessica Pearson,12
S05E09_SC001,S05E09,5,9,Mike Ross,14
S05E09_SC001,S05E09,5,9,Jack Soloff,19
S05E09_SC001,S05E09,5,9,Donna Paulsen,4
S05E09_SC001,S05E09,5,9,Benjamin,1
S05E09_SC001,S05E09,5,9,Sean Cahill,1
S05E09_SC001,S05E09,5,9,Trevor Evans,2
S05E10_SC001,S05E10,5,10,Jack Soloff,10
S05E10_SC001,S05E10,5,10,Daniel Hardman,10
S05E10_SC001,S05E10,5,10,Harvey Specter,38
S05E10_SC001,S05E10,5,10,Trevor Evans,4
S05E10_SC001,S05E10,5,10,Jessica Pearson,15
S05E10_SC001,S05E10,5,10,Gretchen Bodinski,2
S05E10_SC001,S05E10,5,10,Dana Scott,1
S05E10_SC001,S05E10,5,10,Louis Litt,9
S05E10_SC001,S05E10,5,10,Mike Ross,3
S05E10_SC001,S05E10,5,10,Charles Forstman,3
S05E10_SC001,S05E10,5,10,Esther Litt,2
S05E10_SC001,S05E10,5,10,Donna Paulsen,1
S05E10_SC001,S05E10,5,10,Rachel Zane,1
S05E11_SC001,S05E11,5,11,Mike Ross,36
S05E11_SC001,S05E11,5,11,Harvey Specter,36
S05E11_SC001,S05E11,5,11,Daniel Hardman,4
S05E11_SC001,S05E11,5,11,Charles Forstman,9
S05E11_SC001,S05E11,5,11,Jessica Pearson,17
S05E11_SC001,S05E11,5,11,Anita Gibbs,5
S05E11_SC001,S05E11,5,11,Rachel Zane,14
S05E11_SC001,S05E11,5,11,Robert Zane,10
S05E11_SC001,S05E11,5,11,Donna Paulsen,13
S05E11_SC001,S05E11,5,11,Louis Litt,14
S05E11_SC001,S05E11,5,11,Jack Soloff,6
S05E11_SC001,S05E11,5,11,Gretchen Bodinski,2
S05E11_SC001,S05E11,5,11,Dana Scott,4
S05E11_SC001,S05E11,5,11,Trevor Evans,2
S05E12_SC001,S05E12,5,12,Mike Ross,40
S05E12_SC001,S05E12,5,12,Harvey Specter,40
S05E12_SC001,S05E12,5,12,Louis Litt,19
S05E12_SC001,S05E12,5,12,Donna Paulsen,44
S05E12_SC001,S05E12,5,12,Anita Gibbs,8
S05E12_SC001,S05E12,5,12,Rachel Zane,5
S05E12_SC001,S05E12,5,12,Norma,3
S05E12_SC001,S05E12,5,12,Jessica Pearson,7
S05E12_SC001,S05E12,5,12,Dana Scott,1
S05E12_SC001,S05E12,5,12,Sheila Sazs,10
S05E12_SC001,S05E12,5,12,Gretchen Bodinski,1
S05E12_SC001,S05E12,5,12,Jack Soloff,1
S05E13_SC001,S05E13,5,13,Harvey Specter,29
S05E13_SC001,S05E13,5,13,Mike Ross,34
S05E13_SC001,S05E13,5,13,Sheila Sazs,10
S05E13_SC001,S05E13,5,13,Anita Gibbs,23
S05E13_SC001,S05E13,5,13,Jessica Pearson,7
S05E13_SC001,S05E13,5,13,Jack Soloff,10
S05E13_SC001,S05E13,5,13,Donna Paulsen,4
S05E13_SC001,S05E13,5,13,Rachel Zane,28
S05E13_SC001,S05E13,5,13,Louis Litt,17
S05E13_SC001,S05E13,5,13,Dana Scott,7
S05E13_SC001,S05E13,5,13,Daniel Hardman,1
S05E13_SC001,S05E13,5,13,Trevor Evans,1
S05E14_SC001,S05E14,5,14,Jessica Pearson,6
S05E14_SC001,S05E14,5,14,Harvey Specter,22
S05E14_SC001,S05E14,5,14,Jack Soloff,1
S05E14_SC001,S05E14,5,14,Mike Ross,50
S05E14_SC001,S05E14,5,14,Sheila Sazs,10
S05E14_SC001,S05E14,5,14,Trevor Evans,9
S05E14_SC001,S05E14,5,14,Anita Gibbs,24
S05E14_SC001,S05E14,5,14,Harold Gunderson,4
S05E14_SC001,S05E14,5,14,Louis Litt,13
S05E14_SC001,S05E14,5,14,Donna Paulsen,5
S05E14_SC001,S05E14,5,14,Rachel Zane,12
S05E14_SC001,S05E14,5,14,Benjamin,6
S05E14_SC001,S05E14,5,14,Jenny Griffith,1
S05E15_SC001,S05E15,5,15,Harvey Specter,40
S05E15_SC001,S05E15,5,15,Sheila Sazs,1
S05E15_SC001,S05E15,5,15,Louis Litt,17
S05E15_SC001,S05E15,5,15,Mike Ross,43
S05E15_SC001,S05E15,5,15,Anita Gibbs,12
S05E15_SC001,S05E15,5,15,Rachel Zane,9
S05E15_SC001,S05E15,5,15,Donna Paulsen,16
S05E15_SC001,S05E15,5,15,Jessica Pearson,3
S05E15_SC001,S05E15,5,15,Charles Forstman,1
S05E15_SC001,S05E15,5,15,Daniel Hardman,1
S05E16_SC001,S05E16,5,16,Mike Ross,42
S05E16_SC001,S05E16,5,16,Harvey Specter,30
S05E16_SC001,S05E16,5,16,Rachel Zane,26
S05E16_SC001,S05E16,5,16,Anita Gibbs,10
S05E16_SC001,S05E16,5,16,Donna Paulsen,15
S05E16_SC001,S05E16,5,16,Louis Litt,13
S05E16_SC001,S05E16,5,16,Robert Zane,13
S05E16_SC001,S05E16,5,16,Jessica Pearson,17
S05E16_SC001,S05E16,5,16,Katrina Bennett,9
S05E16_SC001,S05E16,5,16,Sheila Sazs,1
S05E16_SC001,S05E16,5,16,Jack Soloff,4
S05E16_SC001,S05E16,5,16,Daniel Hardman,1
S06E01_SC001,S06E01,6,1,Anita Gibbs,3
S06E01_SC001,S06E01,6,1,Mike Ross,19
S06E01_SC001,S06E01,6,1,Harvey Specter,28
S06E01_SC001,S06E01,6,1,Louis Litt,40
S06E01_SC001,S06E01,6,1,Donna Paulsen,9
S06E01_SC001,S06E01,6,1,Rachel Zane,4
S06E01_SC001,S06E01,6,1,Jessica Pearson,7
S06E01_SC001,S06E01,6,1,Norma,1
S06E01_SC001,S06E01,6,1,Esther Litt,2
S06E01_SC001,S06E01,6,1,Benjamin,2
S06E01_SC001,S06E01,6,1,Gretchen Bodinski,1
S06E02_SC001,S06E02,6,2,Robert Zane,6
S06E02_SC001,S06E02,6,2,Mike Ross,20
S06E02_SC001,S06E02,6,2,Rachel Zane,12
S06E02_SC001,S06E02,6,2,Donna Paulsen,5
S06E02_SC001,S06E02,6,2,Louis Litt,6
S06E02_SC001,S06E02,6,2,Harvey Specter,30
S06E02_SC001,S06E02,6,2,Gretchen Bodinski,3
S06E02_SC001,S06E02,6,2,Jack Soloff,12
S06E02_SC001,S06E02,6,2,Jessica Pearson,9
S06E02_SC001,S06E02,6,2,Charles Forstman,1
S06E02_SC001,S06E02,6,2,Daniel Hardman,1
S06E02_SC001,S06E02,6,2,Sean Cahill,1
S06E03_SC001,S06E03,6,3,Harvey Specter,26
S06E03_SC001,S06E03,6,3,Mike Ross,17
S06E03_SC001,S06E03,6,3,Louis Litt,14
S06E03_SC001,S06E03,6,3,Jessica Pearson,10
S06E03_SC001,S06E03,6,3,Donna Paulsen,15
S06E03_SC001,S06E03,6,3,Sean Cahill,3
S06E03_SC001,S06E03,6,3,Rachel Zane,7
S06E03_SC001,S06E03,6,3,Stu Buzzini,1
S06E03_SC001,S06E03,6,3,Charles Forstman,1
S06E04_SC001,S06E04,6,4,Rachel Zane,16
S06E04_SC001,S06E04,6,4,Harvey Specter,36
S06E04_SC001,S06E04,6,4,Mike Ross,50
S06E04_SC001,S06E04,6,4,Sean Cahill,12
S06E04_SC001,S06E04,6,4,Louis Litt,12
S06E04_SC001,S06E04,6,4,Donna Paulsen,9
S06E04_SC001,S06E04,6,4,Jessica Pearson,2
S06E04_SC001,S06E04,6,4,Stu Buzzini,1
S06E04_SC001,S06E04,6,4,Gretchen Bodinski,2
S06E04_SC001,S06E04,6,4,Leonard Bailey,1
S06E05_SC001,S06E05,6,5,Sean Cahill,8
S06E05_SC001,S06E05,6,5,Rachel Zane,16
S06E05_SC001,S06E05,6,5,Harvey Specter,32
S06E05_SC001,S06E05,6,5,Mike Ross,25
S06E05_SC001,S06E05,6,5,Leonard Bailey,6
S06E05_SC001,S06E05,6,5,Louis Litt,15
S06E05_SC001,S06E05,6,5,Sheila Sazs,1
S06E05_SC001,S06E05,6,5,Donna Paulsen,6
S06E05_SC001,S06E05,6,5,Jessica Pearson,5
S06E05_SC001,S06E05,6,5,Stu Buzzini,1
S06E05_SC001,S06E05,6,5,Gretchen Bodinski,1
S06E06_SC001,S06E06,6,6,Harvey Specter,14
S06E06_SC001,S06E06,6,6,Mike Ross,18
S06E06_SC001,S06E06,6,6,Sean Cahill,17
S06E06_SC001,S06E06,6,6,Rachel Zane,9
S06E06_SC001,S06E06,6,6,Louis Litt,11
S06E06_SC001,S06E06,6,6,Donna Paulsen,5
S06E06_SC001,S06E06,6,6,Jessica Pearson,3
S06E06_SC001,S06E06,6,6,Leonard Bailey,8
S06E07_SC001,S06E07,6,7,Harvey Specter,29
S06E07_SC001,S06E07,6,7,Mike Ross,18
S06E07_SC001,S06E07,6,7,Leonard Bailey,9
S06E07_SC001,S06E07,6,7,Jessica Pearson,6
S06E07_SC001,S06E07,6,7,Rachel Zane,6
S06E07_SC001,S06E07,6,7,Sean Cahill,10
S06E07_SC001,S06E07,6,7,Louis Litt,19
S06E07_SC001,S06E07,6,7,Esther Litt,1
S06E07_SC001,S06E07,6,7,Donna Paulsen,11
S06E07_SC001,S06E07,6,7,Stu Buzzini,2
S06E07_SC001,S06E07,6,7,Sheila Sazs,1
S06E07_SC001,S06E07,6,7,Gretchen Bodinski,2
S06E08_SC001,S06E08,6,8,Mike Ross,25
S06E08_SC001,S06E08,6,8,Harvey Specter,22
S06E08_SC001,S06E08,6,8,Jessica Pearson,10
S06E08_SC001,S06E08,6,8,Sean Cahill,13
S06E08_SC001,S06E08,6,8,Leonard Bailey,9
S06E08_SC001,S06E08,6,8,Rachel Zane,9
S06E08_SC001,S06E08,6,8,Donna Paulsen,6
S06E08_SC001,S06E08,6,8,Louis Litt,16
S06E09_SC001,S06E09,6,9,Mike Ross,38
S06E09_SC001,S06E09,6,9,Harvey Specter,17
S06E09_SC001,S06E09,6,9,Louis Litt,7
S06E09_SC001,S06E09,6,9,Donna Paulsen,5
S06E09_SC001,S06E09,6,9,Sean Cahill,10
S06E09_SC001,S06E09,6,9,Rachel Zane,9
S06E09_SC001,S06E09,6,9,Leonard Bailey,12
S06E09_SC001,S06E09,6,9,Jessica Pearson,8
S06E09_SC001,S06E09,6,9,Robert Zane,1
S06E10_SC001,S06E10,6,10,Jessica Pearson,28
S06E10_SC001,S06E10,6,10,Leonard Bailey,23
S06E10_SC001,S06E10,6,10,Harvey Specter,18
S06E10_SC001,S06E10,6,10,Mike Ross,11
S06E10_SC001,S06E10,6,10,Robert Zane,3
S06E10_SC001,S06E10,6,10,Louis Litt,27
S06E10_SC001,S06E10,6,10,Donna Paulsen,5
S06E10_SC001,S06E10,6,10,Gretchen Bodinski,1
S06E10_SC001,S06E10,6,10,Rachel Zane,5
S06E10_SC001,S06E10,6,10,Stu Buzzini,6
S06E11_SC001,S06E11,6,11,Louis Litt,33
S06E11_SC001,S06E11,6,11,Jessica Pearson,17
S06E11_SC001,S06E11,6,11,Harvey Specter,22
S06E11_SC001,S06E11,6,11,Donna Paulsen,9
S06E11_SC001,S06E11,6,11,Rachel Zane,7
S06E11_SC001,S06E11,6,11,Mike Ross,23
S06E11_SC001,S06E11,6,11,Robert Zane,9
S06E11_SC001,S06E11,6,11,Oliver Grady,1
S06E11_SC001,S06E11,6,11,Gretchen Bodinski,7
S06E11_SC001,S06E11,6,11,Katrina Bennett,6
S06E11_SC001,S06E11,6,11,Anita Gibbs,2
S06E11_SC001,S06E11,6,11,Sean Cahill,2
S06E12_SC001,S06E12,6,12,Harvey Specter,43
S06E12_SC001,S06E12,6,12,Mike Ross,12
S06E12_SC001,S06E12,6,12,Donna Paulsen,10
S06E12_SC001,S06E12,6,12,Jessica Pearson,1
S06E12_SC001,S06E12,6,12,Louis Litt,10
S06E12_SC001,S06E12,6,12,Oliver Grady,3
S06E12_SC001,S06E12,6,12,Rachel Zane,2
S06E13_SC001,S06E13,6,13,Harvey Specter,21
S06E13_SC001,S06E13,6,13,Anita Gibbs,2
S06E13_SC001,S06E13,6,13,Mike Ross,22
S06E13_SC001,S06E13,6,13,Louis Litt,24
S06E13_SC001,S06E13,6,13,Rachel Zane,18
S06E13_SC001,S06E13,6,13,Donna Paulsen,20
S06E13_SC001,S06E13,6,13,Benjamin,10
S06E13_SC001,S06E13,6,13,Oliver Grady,13
S06E13_SC001,S06E13,6,13,Gretchen Bodinski,1
S06E13_SC001,S06E13,6,13,Sean Cahill,1
S06E14_SC001,S06E14,6,14,Rachel Zane,15
S06E14_SC001,S06E14,6,14,Harvey Specter,28
S06E14_SC001,S06E14,6,14,Louis Litt,20
S06E14_SC001,S06E14,6,14,Mike Ross,33
S06E14_SC001,S06E14,6,14,Oliver Grady,15
S06E14_SC001,S06E14,6,14,Jessica Pearson,4
S06E14_SC001,S06E14,6,14,Donna Paulsen,14
S06E14_SC001,S06E14,6,14,Benjamin,4
S06E14_SC001,S06E14,6,14,Katrina Bennett,2
S06E14_SC001,S06E14,6,14,Gretchen Bodinski,1
S06E15_SC001,S06E15,6,15,Donna Paulsen,17
S06E15_SC001,S06E15,6,15,Mike Ross,32
S06E15_SC001,S06E15,6,15,Harvey Specter,22
S06E15_SC001,S06E15,6,15,Benjamin,11
S06E15_SC001,S06E15,6,15,Rachel Zane,12
S06E15_SC001,S06E15,6,15,Louis Litt,21
S06E15_SC001,S06E15,6,15,Katrina Bennett,1
S06E15_SC001,S06E15,6,15,Oliver Grady,3
S06E15_SC001,S06E15,6,15,Stu Buzzini,4
S06E15_SC001,S06E15,6,15,Sheila Sazs,2
S06E16_SC001,S06E16,6,16,Mike Ross,42
S06E16_SC001,S06E16,6,16,Oliver Grady,8
S06E16_SC001,S06E16,6,16,Louis Litt,22
S06E16_SC001,S06E16,6,16,Harvey Specter,25
S06E16_SC001,S06E16,6,16,Rachel Zane,3
S06E16_SC001,S06E16,6,16,Anita Gibbs,13
S06E16_SC001,S06E16,6,16,Donna Paulsen,19
S06E16_SC001,S06E16,6,16,Benjamin,6
S06E16_SC001,S06E16,6,16,Stu Buzzini,4
S06E16_SC001,S06E16,6,16,Gretchen Bodinski,2
S06E16_SC001,S06E16,6,16,Jessica Pearson,1
S07E01_SC001,S07E01,7,1,Louis Litt,36
S07E01_SC001,S07E01,7,1,Benjamin,1
S07E01_SC001,S07E01,7,1,Donna Paulsen,25
S07E01_SC001,S07E01,7,1,Harvey Specter,39
S07E01_SC001,S07E01,7,1,Mike Ross,12
S07E01_SC001,S07E01,7,1,Jessica Pearson,11
S07E01_SC001,S07E01,7,1,Gretchen Bodinski,6
S07E01_SC001,S07E01,7,1,Brian Altman,2
S07E01_SC001,S07E01,7,1,Esther Litt,1
S07E01_SC001,S07E01,7,1,Rachel Zane,10
S07E01_SC001,S07E01,7,1,Katrina Bennett,1
S07E01_SC001,S07E01,7,1,Thomas Kessler,1
S07E01_SC001,S07E01,7,1,Paula Agard,1
S07E01_SC001,S07E01,7,1,Oliver Grady,2
S07E02_SC001,S07E02,7,2,Harvey Specter,39
S07E02_SC001,S07E02,7,2,Louis Litt,21
S07E02_SC001,S07E02,7,2,Donna Paulsen,12
S07E02_SC001,S07E02,7,2,Jessica Pearson,15
S07E02_SC001,S07E02,7,2,Paula Agard,1
S07E02_SC001,S07E02,7,2,Esther Litt,1
S07E02_SC001,S07E02,7,2,Katrina Bennett,3
S07E02_SC001,S07E02,7,2,Alex Williams,11
S07E02_SC001,S07E02,7,2,Gretchen Bodinski,3
S07E02_SC001,S07E02,7,2,Mike Ross,12
S07E02_SC001,S07E02,7,2,Rachel Zane,3
S07E03_SC001,S07E03,7,3,Rachel Zane,15
S07E03_SC001,S07E03,7,3,Harvey Specter,32
S07E03_SC001,S07E03,7,3,Alex Williams,16
S07E03_SC001,S07E03,7,3,Louis Litt,33
S07E03_SC001,S07E03,7,3,Donna Paulsen,15
S07E03_SC001,S07E03,7,3,Mike Ross,19
S07E03_SC001,S07E03,7,3,Paula Agard,1
S07E03_SC001,S07E03,7,3,Oliver Grady,2
S07E04_SC001,S07E04,7,4,Mike Ross,22
S07E04_SC001,S07E04,7,4,Louis Litt,26
S07E04_SC001,S07E04,7,4,Alex Williams,16
S07E04_SC001,S07E04,7,4,Rachel Zane,15
S07E04_SC001,S07E04,7,4,Harvey Specter,43
S07E04_SC001,S07E04,7,4,Donna Paulsen,11
S07E04_SC001,S07E04,7,4,Jessica Pearson,7
S07E04_SC001,S07E04,7,4,Katrina Bennett,2
S07E04_SC001,S07E04,7,4,Robert Zane,3
S07E04_SC001,S07E04,7,4,Oliver Grady,8
S07E04_SC001,S07E04,7,4,Daniel Hardman,1
S07E05_SC001,S07E05,7,5,Oliver Grady,19
S07E05_SC001,S07E05,7,5,Harvey Specter,34
S07E05_SC001,S07E05,7,5,Mike Ross,17
S07E05_SC001,S07E05,7,5,Louis Litt,27
S07E05_SC001,S07E05,7,5,Paula Agard,6
S07E05_SC001,S07E05,7,5,Donna Paulsen,11
S07E05_SC001,S07E05,7,5,Rachel Zane,7
S07E05_SC001,S07E05,7,5,Sean Cahill,3
S07E06_SC001,S07E06,7,6,Louis Litt,33
S07E06_SC001,S07E06,7,6,Donna Paulsen,23
S07E06_SC001,S07E06,7,6,Harvey Specter,38
S07E06_SC001,S07E06,7,6,Oliver Grady,9
S07E06_SC001,S07E06,7,6,Mike Ross,12
S07E06_SC001,S07E06,7,6,Jessica Pearson,1
S07E06_SC001,S07E06,7,6,Rachel Zane,14
S07E06_SC001,S07E06,7,6,Paula Agard,6
S07E06_SC001,S07E06,7,6,Brian Altman,8
S07E06_SC001,S07E06,7,6,Katrina Bennett,4
S07E06_SC001,S07E06,7,6,Alex Williams,7
S07E06_SC001,S07E06,7,6,Daniel Hardman,1
S07E07_SC001,S07E07,7,7,Daniel Hardman,8
S07E07_SC001,S07E07,7,7,Mike Ross,22
S07E07_SC001,S07E07,7,7,Harvey Specter,70
S07E07_SC001,S07E07,7,7,Alex Williams,22
S07E07_SC001,S07E07,7,7,Louis Litt,33
S07E07_SC001,S07E07,7,7,Jessica Pearson,23
S07E07_SC001,S07E07,7,7,Rachel Zane,4
S07E07_SC001,S07E07,7,7,Donna Paulsen,11
S07E07_SC001,S07E07,7,7,Benjamin,2
S07E07_SC001,S07E07,7,7,Anita Gibbs,3
S07E07_SC001,S07E07,7,7,Gretchen Bodinski,1
S07E08_SC001,S07E08,7,8,Harvey Specter,26
S07E08_SC001,S07E08,7,8,Rachel Zane,17
S07E08_SC001,S07E08,7,8,Alex Williams,11
S07E08_SC001,S07E08,7,8,Mike Ross,9
S07E08_SC001,S07E08,7,8,Paula Agard,3
S07E08_SC001,S07E08,7,8,Donna Paulsen,11
S07E08_SC001,S07E08,7,8,Robert Zane,24
S07E08_SC001,S07E08,7,8,Gretchen Bodinski,3
S07E08_SC001,S07E08,7,8,Louis Litt,17
S07E08_SC001,S07E08,7,8,Sheila Sazs,9
S07E08_SC001,S07E08,7,8,Brian Altman,1
S07E08_SC001,S07E08,7,8,Thomas Kessler,1
S07E09_SC001,S07E09,7,9,Harvey Specter,29
S07E09_SC001,S07E09,7,9,Louis Litt,26
S07E09_SC001,S07E09,7,9,Brian Altman,9
S07E09_SC001,S07E09,7,9,Gretchen Bodinski,5
S07E09_SC001,S07E09,7,9,Mike Ross,12
S07E09_SC001,S07E09,7,9,Jessica Pearson,2
S07E09_SC001,S07E09,7,9,Rachel Zane,3
S07E09_SC001,S07E09,7,9,Donna Paulsen,7
S07E09_SC001,S07E09,7,9,Robert Zane,2
S07E09_SC001,S07E09,7,9,Sheila Sazs,5
S07E09_SC001,S07E09,7,9,Alex Williams,1
S07E10_SC001,S07E10,7,10,Donna Paulsen,30
S07E10_SC001,S07E10,7,10,Harvey Specter,36
S07E10_SC001,S07E10,7,10,Louis Litt,32
S07E10_SC001,S07E10,7,10,Paula Agard,2
S07E10_SC001,S07E10,7,10,Alex Williams,5
S07E10_SC001,S07E10,7,10,Rachel Zane,8
S07E10_SC001,S07E10,7,10,Mike Ross,13
S07E10_SC001,S07E10,7,10,Sheila Sazs,3
S07E10_SC001,S07E10,7,10,Robert Zane,2
S07E10_SC001,S07E10,7,10,Jessica Pearson,6
S07E11_SC001,S07E11,7,11,Donna Paulsen,27
S07E11_SC001,S07E11,7,11,Harvey Specter,50
S07E11_SC001,S07E11,7,11,Jessica Pearson,37
S07E11_SC001,S07E11,7,11,Rachel Zane,3
S07E11_SC001,S07E11,7,11,Louis Litt,19
S07E11_SC001,S07E11,7,11,Paula Agard,9
S07E11_SC001,S07E11,7,11,Alex Williams,12
S07E11_SC001,S07E11,7,11,Mike Ross,19
S07E11_SC001,S07E11,7,11,Jack Soloff,1
S07E11_SC001,S07E11,7,11,Kyle Durant,9
S07E11_SC001,S07E11,7,11,Sheila Sazs,1
S07E11_SC001,S07E11,7,11,Sean Cahill,1
S07E12_SC001,S07E12,7,12,Sheila Sazs,11
S07E12_SC001,S07E12,7,12,Harvey Specter,35
S07E12_SC001,S07E12,7,12,Donna Paulsen,12
S07E12_SC001,S07E12,7,12,Paula Agard,3
S07E12_SC001,S07E12,7,12,Louis Litt,35
S07E12_SC001,S07E12,7,12,Jessica Pearson,8
S07E12_SC001,S07E12,7,12,Oliver Grady,20
S07E12_SC001,S07E12,7,12,Mike Ross,17
S07E12_SC001,S07E12,7,12,Gretchen Bodinski,1
S07E12_SC001,S07E12,7,12,Esther Litt,2
S07E12_SC001,S07E12,7,12,Alex Williams,1
S07E12_SC001,S07E12,7,12,Rachel Zane,2
S07E13_SC001,S07E13,7,13,Donna Paulsen,25
S07E13_SC001,S07E13,7,13,Paula Agard,16
S07E13_SC001,S07E13,7,13,Harvey Specter,42
S07E13_SC001,S07E13,7,13,Louis Litt,21
S07E13_SC001,S07E13,7,13,Sheila Sazs,4
S07E13_SC001,S07E13,7,13,Jessica Pearson,2
S07E13_SC001,S07E13,7,13,Gretchen Bodinski,5
S07E13_SC001,S07E13,7,13,Mike Ross,9
S07E13_SC001,S07E13,7,13,Stu Buzzini,16
S07E13_SC001,S07E13,7,13,Rachel Zane,10
S07E13_SC001,S07E13,7,13,Oliver Grady,1
S07E14_SC001,S07E14,7,14,Harvey Specter,20
S07E14_SC001,S07E14,7,14,Paula Agard,8
S07E14_SC001,S07E14,7,14,Donna Paulsen,20
S07E14_SC001,S07E14,7,14,Louis Litt,36
S07E14_SC001,S07E14,7,14,Sheila Sazs,16
S07E14_SC001,S07E14,7,14,Mike Ross,10
S07E14_SC001,S07E14,7,14,Jessica Pearson,2
S07E14_SC001,S07E14,7,14,Katrina Bennett,5
S07E14_SC001,S07E14,7,14,Rachel Zane,8
S07E14_SC001,S07E14,7,14,Anita Gibbs,1
S07E14_SC001,S07E14,7,14,Stu Buzzini,1
S07E15_SC001,S07E15,7,15,Jessica Pearson,20
S07E15_SC001,S07E15,7,15,Harvey Specter,35
S07E15_SC001,S07E15,7,15,Donna Paulsen,11
S07E15_SC001,S07E15,7,15,Mike Ross,19
S07E15_SC001,S07E15,7,15,Louis Litt,12
S07E15_SC001,S07E15,7,15,Jack Soloff,2
S07E15_SC001,S07E15,7,15,Oliver Grady,3
S07E15_SC001,S07E15,7,15,Dana Scott,11
S07E15_SC001,S07E15,7,15,Rachel Zane,3
S07E15_SC001,S07E15,7,15,Robert Zane,4
S07E16_SC001,S07E16,7,16,Robert Zane,5
S07E16_SC001,S07E16,7,16,Harvey Specter,30
S07E16_SC001,S07E16,7,16,Jessica Pearson,23
S07E16_SC001,S07E16,7,16,Donna Paulsen,8
S07E16_SC001,S07E16,7,16,Alex Williams,3
S07E16_SC001,S07E16,7,16,Louis Litt,9
S07E16_SC001,S07E16,7,16,Mike Ross,17
S07E16_SC001,S07E16,7,16,Rachel Zane,11
S07E16_SC001,S07E16,7,16,Oliver Grady,3
S08E01_SC001,S08E01,8,1,Louis Litt,33
S08E01_SC001,S08E01,8,1,Donna Paulsen,13
S08E01_SC001,S08E01,8,1,Rachel Zane,2
S08E01_SC001,S08E01,8,1,Harvey Specter,30
S08E01_SC001,S08E01,8,1,Mike Ross,6
S08E01_SC001,S08E01,8,1,Robert Zane,23
S08E01_SC001,S08E01,8,1,Alex Williams,18
S08E01_SC001,S08E01,8,1,Sheila Sazs,2
S08E01_SC001,S08E01,8,1,Katrina Bennett,26
S08E01_SC001,S08E01,8,1,Samantha Wheeler,9
S08E01_SC001,S08E01,8,1,Brian Altman,20
S08E01_SC001,S08E01,8,1,Thomas Kessler,6
S08E02_SC001,S08E02,8,2,Robert Zane,26
S08E02_SC001,S08E02,8,2,Louis Litt,30
S08E02_SC001,S08E02,8,2,Samantha Wheeler,22
S08E02_SC001,S08E02,8,2,Harvey Specter,33
S08E02_SC001,S08E02,8,2,Sheila Sazs,20
S08E02_SC001,S08E02,8,2,Mike Ross,5
S08E02_SC001,S08E02,8,2,Donna Paulsen,7
S08E02_SC001,S08E02,8,2,Jessica Pearson,2
S08E02_SC001,S08E02,8,2,Alex Williams,5
S08E02_SC001,S08E02,8,2,Katrina Bennett,1
S08E03_SC001,S08E03,8,3,Robert Zane,21
S08E03_SC001,S08E03,8,3,Alex Williams,8
S08E03_SC001,S08E03,8,3,Samantha Wheeler,8
S08E03_SC001,S08E03,8,3,Katrina Bennett,21
S08E03_SC001,S08E03,8,3,Louis Litt,24
S08E03_SC001,S08E03,8,3,Brian Altman,20
S08E03_SC001,S08E03,8,3,Harvey Specter,19
S08E03_SC001,S08E03,8,3,Donna Paulsen,12
S08E03_SC001,S08E03,8,3,Mike Ross,10
S08E03_SC001,S08E03,8,3,Oliver Grady,3
S08E03_SC001,S08E03,8,3,Rachel Zane,1
S08E04_SC001,S08E04,8,4,Samantha Wheeler,9
S08E04_SC001,S08E04,8,4,Alex Williams,25
S08E04_SC001,S08E04,8,4,Harvey Specter,33
S08E04_SC001,S08E04,8,4,Mike Ross,5
S08E04_SC001,S08E04,8,4,Robert Zane,30
S08E04_SC001,S08E04,8,4,Sheila Sazs,8
S08E04_SC001,S08E04,8,4,Louis Litt,30
S08E04_SC001,S08E04,8,4,Jessica Pearson,2
S08E04_SC001,S08E04,8,4,Gretchen Bodinski,4
S08E04_SC001,S08E04,8,4,Donna Paulsen,9
S08E04_SC001,S08E04,8,4,Katrina Bennett,2
S08E05_SC001,S08E05,8,5,Harvey Specter,26
S08E05_SC001,S08E05,8,5,Samantha Wheeler,7
S08E05_SC001,S08E05,8,5,Robert Zane,3
S08E05_SC001,S08E05,8,5,Louis Litt,23
S08E05_SC001,S08E05,8,5,Sheila Sazs,17
S08E05_SC001,S08E05,8,5,Donna Paulsen,14
S08E05_SC001,S08E05,8,5,Gretchen Bodinski,4
S08E05_SC001,S08E05,8,5,Alex Williams,2
S08E06_SC001,S08E06,8,6,Donna Paulsen,29
S08E06_SC001,S08E06,8,6,Brian Altman,14
S08E06_SC001,S08E06,8,6,Katrina Bennett,12
S08E06_SC001,S08E06,8,6,Robert Zane,6
S08E06_SC001,S08E06,8,6,Alex Williams,10
S08E06_SC001,S08E06,8,6,Louis Litt,53
S08E06_SC001,S08E06,8,6,Harvey Specter,30
S08E06_SC001,S08E06,8,6,Sheila Sazs,6
S08E06_SC001,S08E06,8,6,Samantha Wheeler,14
S08E06_SC001,S08E06,8,6,Jessica Pearson,2
S08E06_SC001,S08E06,8,6,Mike Ross,1
S08E06_SC001,S08E06,8,6,Rachel Zane,1
S08E07_SC001,S08E07,8,7,Harvey Specter,17
S08E07_SC001,S08E07,8,7,Alex Williams,14
S08E07_SC001,S08E07,8,7,Samantha Wheeler,5
S08E07_SC001,S08E07,8,7,Donna Paulsen,15
S08E07_SC001,S08E07,8,7,Robert Zane,17
S08E07_SC001,S08E07,8,7,Sheila Sazs,21
S08E07_SC001,S08E07,8,7,Louis Litt,30
S08E07_SC001,S08E07,8,7,Gretchen Bodinski,5
S08E07_SC001,S08E07,8,7,Rachel Zane,1
S08E07_SC001,S08E07,8,7,Esther Litt,5
S08E08_SC001,S08E08,8,8,Alex Williams,16
S08E08_SC001,S08E08,8,8,Samantha Wheeler,17
S08E08_SC001,S08E08,8,8,Louis Litt,31
S08E08_SC001,S08E08,8,8,Robert Zane,10
S08E08_SC001,S08E08,8,8,Gretchen Bodinski,15
S08E08_SC001,S08E08,8,8,Sheila Sazs,4
S08E08_SC001,S08E08,8,8,Harvey Specter,12
S08E08_SC001,S08E08,8,8,Donna Paulsen,7
S08E08_SC001,S08E08,8,8,Esther Litt,2
S08E08_SC001,S08E08,8,8,Mike Ross,4
S08E09_SC001,S08E09,8,9,Brian Altman,12
S08E09_SC001,S08E09,8,9,Donna Paulsen,4
S08E09_SC001,S08E09,8,9,Louis Litt,12
S08E09_SC001,S08E09,8,9,Samantha Wheeler,12
S08E09_SC001,S08E09,8,9,Robert Zane,19
S08E09_SC001,S08E09,8,9,Harvey Specter,19
S08E09_SC001,S08E09,8,9,Mike Ross,1
S08E09_SC001,S08E09,8,9,Alex Williams,23
S08E09_SC001,S08E09,8,9,Katrina Bennett,10
S08E09_SC001,S08E09,8,9,Thomas Kessler,2
S08E10_SC001,S08E10,8,10,Alex Williams,28
S08E10_SC001,S08E10,8,10,Samantha Wheeler,36
S08E10_SC001,S08E10,8,10,Harvey Specter,17
S08E10_SC001,S08E10,8,10,Robert Zane,17
S08E10_SC001,S08E10,8,10,Donna Paulsen,6
S08E10_SC001,S08E10,8,10,Louis Litt,25
S08E10_SC001,S08E10,8,10,Sheila Sazs,9
S08E10_SC001,S08E10,8,10,Rachel Zane,1
S08E10_SC001,S08E10,8,10,Katrina Bennett,7
S08E11_SC001,S08E11,8,11,Jessica Pearson,10
S08E11_SC001,S08E11,8,11,Harvey Specter,28
S08E11_SC001,S08E11,8,11,Samantha Wheeler,12
S08E11_SC001,S08E11,8,11,Louis Litt,49
S08E11_SC001,S08E11,8,11,Alex Williams,17
S08E11_SC001,S08E11,8,11,Robert Zane,14
S08E11_SC001,S08E11,8,11,Donna Paulsen,17
S08E11_SC001,S08E11,8,11,Gretchen Bodinski,10
S08E11_SC001,S08E11,8,11,Thomas Kessler,16
S08E11_SC001,S08E11,8,11,Katrina Bennett,7
S08E11_SC001,S08E11,8,11,Brian Altman,1
S08E11_SC001,S08E11,8,11,Mike Ross,1
S08E11_SC001,S08E11,8,11,Rachel Zane,1
S08E12_SC001,S08E12,8,12,Louis Litt,36
S08E12_SC001,S08E12,8,12,Thomas Kessler,7
S08E12_SC001,S08E12,8,12,Brian Altman,9
S08E12_SC001,S08E12,8,12,Donna Paulsen,12
S08E12_SC001,S08E12,8,12,Gretchen Bodinski,7
S08E12_SC001,S08E12,8,12,Harvey Specter,29
S08E12_SC001,S08E12,8,12,Robert Zane,7
S08E12_SC001,S08E12,8,12,Katrina Bennett,10
S08E12_SC001,S08E12,8,12,Alex Williams,10
S08E12_SC001,S08E12,8,12,Samantha Wheeler,4
S08E12_SC001,S08E12,8,12,Sheila Sazs,1
S08E12_SC001,S08E12,8,12,Jessica Pearson,1
S08E13_SC001,S08E13,8,13,Stu Buzzini,27
S08E13_SC001,S08E13,8,13,Thomas Kessler,3
S08E13_SC001,S08E13,8,13,Samantha Wheeler,17
S08E13_SC001,S08E13,8,13,Sheila Sazs,2
S08E13_SC001,S08E13,8,13,Brian Altman,12
S08E13_SC001,S08E13,8,13,Katrina Bennett,13
S08E13_SC001,S08E13,8,13,Louis Litt,16
S08E13_SC001,S08E13,8,13,Harvey Specter,19
S08E13_SC001,S08E13,8,13,Donna Paulsen,9
S08E13_SC001,S08E13,8,13,Robert Zane,4
S08E13_SC001,S08E13,8,13,Alex Williams,2
S08E13_SC001,S08E13,8,13,Sean Cahill,6
S08E13_SC001,S08E13,8,13,Mike Ross,3
S08E14_SC001,S08E14,8,14,Dana Scott,17
S08E14_SC001,S08E14,8,14,Harvey Specter,28
S08E14_SC001,S08E14,8,14,Donna Paulsen,10
S08E14_SC001,S08E14,8,14,Louis Litt,27
S08E14_SC001,S08E14,8,14,Samantha Wheeler,19
S08E14_SC001,S08E14,8,14,Katrina Bennett,5
S08E14_SC001,S08E14,8,14,Alex Williams,6
S08E14_SC001,S08E14,8,14,Gretchen Bodinski,6
S08E14_SC001,S08E14,8,14,Mike Ross,1
S08E14_SC001,S08E14,8,14,Thomas Kessler,4
S08E15_SC001,S08E15,8,15,Thomas Kessler,37
S08E15_SC001,S08E15,8,15,Harvey Specter,16
S08E15_SC001,S08E15,8,15,Donna Paulsen,18
S08E15_SC001,S08E15,8,15,Louis Litt,18
S08E15_SC001,S08E15,8,15,Sheila Sazs,2
S08E15_SC001,S08E15,8,15,Alex Williams,14
S08E15_SC001,S08E15,8,15,Brian Altman,10
S08E15_SC001,S08E15,8,15,Samantha Wheeler,8
S08E15_SC001,S08E15,8,15,Katrina Bennett,6
S08E15_SC001,S08E15,8,15,Robert Zane,3
S08E15_SC001,S08E15,8,15,Mike Ross,1
S08E16_SC001,S08E16,8,16,Thomas Kessler,28
S08E16_SC001,S08E16,8,16,Louis Litt,25
S08E16_SC001,S08E16,8,16,Donna Paulsen,20
S08E16_SC001,S08E16,8,16,Alex Williams,9
S08E16_SC001,S08E16,8,16,Robert Zane,34
S08E16_SC001,S08E16,8,16,Samantha Wheeler,17
S08E16_SC001,S08E16,8,16,Harvey Specter,39
S08E16_SC001,S08E16,8,16,Daniel Hardman,19
S08E16_SC001,S08E16,8,16,Jessica Pearson,5
S08E16_SC001,S08E16,8,16,Rachel Zane,1
S08E16_SC001,S08E16,8,16,Sheila Sazs,1
S08E16_SC001,S08E16,8,16,Mike Ross,1
S09E01_SC001,S09E01,9,1,Donna Paulsen,20
S09E01_SC001,S09E01,9,1,Harvey Specter,32
S09E01_SC001,S09E01,9,1,Robert Zane,48
S09E01_SC001,S09E01,9,1,Alex Williams,13
S09E01_SC001,S09E01,9,1,Samantha Wheeler,19
S09E01_SC001,S09E01,9,1,Katrina Bennett,7
S09E01_SC001,S09E01,9,1,Rachel Zane,3
S09E01_SC001,S09E01,9,1,Mike Ross,7
S09E01_SC001,S09E01,9,1,Louis Litt,39
S09E01_SC001,S09E01,9,1,Thomas Kessler,10
S09E01_SC001,S09E01,9,1,Daniel Hardman,2
S09E01_SC001,S09E01,9,1,Jessica Pearson,2
S09E01_SC001,S09E01,9,1,Sheila Sazs,4
S09E01_SC001,S09E01,9,1,Faye Richardson,1
S09E02_SC001,S09E02,9,2,Louis Litt,29
S09E02_SC001,S09E02,9,2,Robert Zane,7
S09E02_SC001,S09E02,9,2,Samantha Wheeler,12
S09E02_SC001,S09E02,9,2,Donna Paulsen,13
S09E02_SC001,S09E02,9,2,Harvey Specter,26
S09E02_SC001,S09E02,9,2,Faye Richardson,21
S09E02_SC001,S09E02,9,2,Alex Williams,10
S09E02_SC001,S09E02,9,2,Gretchen Bodinski,2
S09E02_SC001,S09E02,9,2,Katrina Bennett,3
S09E02_SC001,S09E02,9,2,Thomas Kessler,12
S09E02_SC001,S09E02,9,2,Benjamin,9
S09E03_SC001,S09E03,9,3,Faye Richardson,20
S09E03_SC001,S09E03,9,3,Louis Litt,42
S09E03_SC001,S09E03,9,3,Harvey Specter,18
S09E03_SC001,S09E03,9,3,Donna Paulsen,18
S09E03_SC001,S09E03,9,3,Sheila Sazs,7
S09E03_SC001,S09E03,9,3,Brian Altman,8
S09E03_SC001,S09E03,9,3,Robert Zane,3
S09E03_SC001,S09E03,9,3,Gretchen Bodinski,9
S09E03_SC001,S09E03,9,3,Benjamin,1
S09E03_SC001,S09E03,9,3,Samantha Wheeler,6
S09E03_SC001,S09E03,9,3,Alex Williams,7
S09E03_SC001,S09E03,9,3,Katrina Bennett,5
S09E04_SC001,S09E04,9,4,Brian Altman,1
S09E04_SC001,S09E04,9,4,Faye Richardson,20
S09E04_SC001,S09E04,9,4,Gretchen Bodinski,12
S09E04_SC001,S09E04,9,4,Louis Litt,24
S09E04_SC001,S09E04,9,4,Donna Paulsen,28
S09E04_SC001,S09E04,9,4,Harvey Specter,29
S09E04_SC001,S09E04,9,4,Mike Ross,3
S09E04_SC001,S09E04,9,4,Katrina Bennett,4
S09E04_SC001,S09E04,9,4,Alex Williams,21
S09E04_SC001,S09E04,9,4,Norma,2
S09E04_SC001,S09E04,9,4,Samantha Wheeler,11
S09E04_SC001,S09E04,9,4,Robert Zane,2
S09E04_SC001,S09E04,9,4,Paula Agard,1
S09E04_SC001,S09E04,9,4,Jessica Pearson,2
S09E04_SC001,S09E04,9,4,Rachel Zane,1
S09E05_SC001,S09E05,9,5,Rachel Zane,6
S09E05_SC001,S09E05,9,5,Harvey Specter,43
S09E05_SC001,S09E05,9,5,Brian Altman,15
S09E05_SC001,S09E05,9,5,Mike Ross,34
S09E05_SC001,S09E05,9,5,Sheila Sazs,17
S09E05_SC001,S09E05,9,5,Louis Litt,18
S09E05_SC001,S09E05,9,5,Donna Paulsen,18
S09E05_SC001,S09E05,9,5,Alex Williams,3
S09E05_SC001,S09E05,9,5,Katrina Bennett,12
S09E05_SC001,S09E05,9,5,Benjamin,3
S09E05_SC001,S09E05,9,5,Samantha Wheeler,17
S09E05_SC001,S09E05,9,5,Faye Richardson,8
S09E05_SC001,S09E05,9,5,Robert Zane,2
S09E06_SC001,S09E06,9,6,Samantha Wheeler,31
S09E06_SC001,S09E06,9,6,Alex Williams,12
S09E06_SC001,S09E06,9,6,Brian Altman,21
S09E06_SC001,S09E06,9,6,Katrina Bennett,14
S09E06_SC001,S09E06,9,6,Donna Paulsen,10
S09E06_SC001,S09E06,9,6,Mike Ross,4
S09E06_SC001,S09E06,9,6,Harvey Specter,23
S09E06_SC001,S09E06,9,6,Faye Richardson,38
S09E06_SC001,S09E06,9,6,Robert Zane,12
S09E06_SC001,S09E06,9,6,Louis Litt,14
S09E06_SC001,S09E06,9,6,Gretchen Bodinski,6
S09E06_SC001,S09E06,9,6,Thomas Kessler,1
S09E06_SC001,S09E06,9,6,Sheila Sazs,1
S09E06_SC001,S09E06,9,6,Rachel Zane,1
S09E07_SC001,S09E07,9,7,Harvey Specter,60
S09E07_SC001,S09E07,9,7,Louis Litt,34
S09E07_SC001,S09E07,9,7,Samantha Wheeler,15
S09E07_SC001,S09E07,9,7,Donna Paulsen,16
S09E07_SC001,S09E07,9,7,Faye Richardson,2
S09E07_SC001,S09E07,9,7,Mike Ross,5
S09E07_SC001,S09E07,9,7,Harold Gunderson,19
S09E07_SC001,S09E07,9,7,Alex Williams,5
S09E07_SC001,S09E07,9,7,Katrina Bennett,2
S09E07_SC001,S09E07,9,7,Robert Zane,2
S09E07_SC001,S09E07,9,7,Thomas Kessler,1
S09E08_SC001,S09E08,9,8,Sean Cahill,21
S09E08_SC001,S09E08,9,8,Mike Ross,13
S09E08_SC001,S09E08,9,8,Harvey Specter,38
S09E08_SC001,S09E08,9,8,Charles Forstman,11
S09E08_SC001,S09E08,9,8,Sheila Sazs,5
S09E08_SC001,S09E08,9,8,Esther Litt,20
S09E08_SC001,S09E08,9,8,Louis Litt,20
S09E08_SC001,S09E08,9,8,Donna Paulsen,9
S09E08_SC001,S09E08,9,8,Faye Richardson,7
S09E08_SC001,S09E08,9,8,Katrina Bennett,4
S09E08_SC001,S09E08,9,8,Samantha Wheeler,6
S09E08_SC001,S09E08,9,8,Alex Williams,2
S09E08_SC001,S09E08,9,8,Jessica Pearson,1
S09E09_SC001,S09E09,9,9,Louis Litt,27
S09E09_SC001,S09E09,9,9,Samantha Wheeler,40
S09E09_SC001,S09E09,9,9,Harvey Specter,45
S09E09_SC001,S09E09,9,9,Donna Paulsen,22
S09E09_SC001,S09E09,9,9,Mike Ross,21
S09E09_SC001,S09E09,9,9,Faye Richardson,38
S09E09_SC001,S09E09,9,9,Gretchen Bodinski,5
S09E09_SC001,S09E09,9,9,Katrina Bennett,9
S09E09_SC001,S09E09,9,9,Robert Zane,1
S09E09_SC001,S09E09,9,9,Alex Williams,8
S09E09_SC001,S09E09,9,9,Jessica Pearson,1
S09E09_SC001,S09E09,9,9,Rachel Zane,2
S09E09_SC001,S09E09,9,9,Daniel Hardman,1
S09E10_SC001,S09E10,9,10,Donna Paulsen,17
S09E10_SC001,S09E10,9,10,Faye Richardson,33
S09E10_SC001,S09E10,9,10,Harvey Specter,56
S09E10_SC001,S09E10,9,10,Louis Litt,43
S09E10_SC001,S09E10,9,10,Mike Ross,15
S09E10_SC001,S09E10,9,10,Katrina Bennett,14
S09E10_SC001,S09E10,9,10,Samantha Wheeler,16
S09E10_SC001,S09E10,9,10,Daniel Hardman,2
S09E10_SC001,S09E10,9,10,Alex Williams,6
S09E10_SC001,S09E10,9,10,Robert Zane,4
S09E10_SC001,S09E10,9,10,Gretchen Bodinski,6
S09E10_SC001,S09E10,9,10,Sheila Sazs,16
S09E10_SC001,S09E10,9,10,Rachel Zane,1
S09E10_SC001,S09E10,9,10,Jessica Pearson,1
